Date,Produit,Catégorie,Quantité,Prix_unitaire,Ville
2024-04-03,Lunettes,Accessoires,1,52124,Djougou
2024-03-06,Sac à dos,Accessoires,3,17419,Porto-Novo
2024-03-09,Téléphone,Électronique,3,7048,Abomey
2024-03-03,Sac à dos,Accessoires,3,79105,Parakou
2024-02-28,T-shirt,Vêtements,4,45486,Djougou
2024-03-23,Chaussures,Baskets,1,18296,Djougou
2024-02-05,Montre,Accessoires,4,33455,Parakou
2024-01-06,Téléphone,Électronique,1,58942,Porto-Novo
2024-02-12,Sac à dos,Accessoires,4,17770,Abomey
2024-04-13,T-shirt,Vêtements,1,25418,Porto-Novo
2024-01-22,Montre,Accessoires,4,39848,Cotonou
2024-01-04,Lunettes,Accessoires,2,18150,Porto-Novo
2024-02-10,Casque audio,Électronique,2,78323,Djougou
2024-03-29,Pantalon,Vêtements,4,15349,Porto-Novo
2024-04-18,Montre,Accessoires,5,5337,Parakou
2024-02-10,Sac à dos,Accessoires,2,24646,Djougou
2024-01-27,Sac à dos,Accessoires,3,9051,Parakou
2024-03-08,Sac à dos,Accessoires,5,4826,Cotonou
2024-03-02,Montre,Accessoires,4,59299,Parakou
2024-02-12,Sac à dos,Accessoires,2,38434,Cotonou
2024-04-21,Pantalon,Vêtements,2,76745,Djougou
2024-01-11,T-shirt,Vêtements,4,4557,Cotonou
2024-03-12,Sac à dos,Accessoires,4,10525,Porto-Novo
2024-01-18,Montre,Accessoires,5,3501,Parakou
2024-03-03,Pantalon,Vêtements,1,74796,Djougou
2024-04-10,Sac à dos,Accessoires,3,48808,Cotonou
2024-04-19,Lunettes,Accessoires,1,4769,Djougou
2024-01-14,Lunettes,Accessoires,4,40320,Djougou
2024-03-26,Lunettes,Accessoires,1,78815,Djougou
2024-01-11,Pantalon,Vêtements,2,62818,Abomey
2024-04-04,Sac à dos,Accessoires,5,45076,Cotonou
2024-03-04,Pantalon,Vêtements,5,77960,Porto-Novo
2024-04-04,Casque audio,Électronique,2,34584,Parakou
2024-03-28,Montre,Accessoires,3,55082,Abomey
2024-02-19,Casque audio,Électronique,3,79653,Djougou
2024-03-01,Montre,Accessoires,5,48614,Porto-Novo
2024-02-05,Chaussures,Baskets,5,34958,Porto-Novo
2024-02-28,T-shirt,Vêtements,4,13871,Abomey
2024-01-19,T-shirt,Vêtements,2,16937,Abomey
2024-01-08,Sac à dos,Accessoires,1,26500,Cotonou
2024-03-20,Téléphone,Électronique,1,23902,Cotonou
2024-02-18,Chaussures,Baskets,5,71478,Porto-Novo
2024-04-21,T-shirt,Vêtements,1,23940,Porto-Novo
2024-03-23,Casque audio,Électronique,4,22295,Cotonou
2024-04-09,Montre,Accessoires,1,50519,Porto-Novo
2024-01-05,T-shirt,Vêtements,3,47440,Djougou
2024-02-01,Casque audio,Électronique,2,57595,Djougou
2024-02-25,Sac à dos,Accessoires,4,69154,Porto-Novo
2024-03-27,Sac à dos,Accessoires,2,14284,Djougou
2024-03-24,Montre,Accessoires,4,21679,Djougou
2024-02-26,Téléphone,Électronique,2,26216,Cotonou
2024-04-12,Téléphone,Électronique,4,7365,Cotonou
2024-01-06,Lunettes,Accessoires,3,19381,Abomey
2024-01-24,Lunettes,Accessoires,4,17229,Cotonou
2024-02-17,Montre,Accessoires,4,37175,Abomey
2024-04-10,Lunettes,Accessoires,1,40230,Abomey
2024-03-13,Sac à dos,Accessoires,3,65545,Djougou
2024-01-30,Pantalon,Vêtements,4,56788,Cotonou
2024-02-09,Montre,Accessoires,1,8127,Parakou
2024-01-31,Casque audio,Électronique,3,79377,Abomey
2024-02-01,T-shirt,Vêtements,5,56128,Abomey
2024-02-02,T-shirt,Vêtements,5,66745,Djougou
2024-04-07,Chaussures,Baskets,4,58689,Abomey
2024-03-12,Lunettes,Accessoires,1,28740,Parakou
2024-01-02,Chaussures,Baskets,2,47765,Parakou
2024-04-21,Lunettes,Accessoires,3,73733,Parakou
2024-02-17,Montre,Accessoires,4,2865,Djougou
2024-03-11,Montre,Accessoires,5,75591,Porto-Novo
2024-03-20,Chaussures,Baskets,5,10030,Djougou
2024-02-26,Téléphone,Électronique,4,11190,Cotonou
2024-02-16,Téléphone,Électronique,5,44977,Djougou
2024-03-22,Montre,Accessoires,4,55804,Abomey
2024-04-06,Montre,Accessoires,3,62578,Cotonou
2024-01-20,Montre,Accessoires,2,73273,Djougou
2024-04-28,T-shirt,Vêtements,4,7804,Parakou
2024-04-13,Lunettes,Accessoires,3,56751,Abomey
2024-02-09,Casque audio,Électronique,2,22589,Djougou
2024-01-31,Lunettes,Accessoires,2,38932,Parakou
2024-04-01,Téléphone,Électronique,5,31348,Cotonou
2024-03-01,Casque audio,Électronique,4,78410,Cotonou
2024-01-31,T-shirt,Vêtements,3,11726,Parakou
2024-04-10,T-shirt,Vêtements,4,52073,Abomey
2024-03-30,Pantalon,Vêtements,4,35454,Abomey
2024-03-19,Téléphone,Électronique,1,19310,Parakou
2024-01-21,Lunettes,Accessoires,1,23806,Abomey
2024-03-21,T-shirt,Vêtements,2,13092,Porto-Novo
2024-03-17,Sac à dos,Accessoires,3,32195,Porto-Novo
2024-03-16,Montre,Accessoires,5,47849,Cotonou
2024-02-14,Sac à dos,Accessoires,3,73710,Djougou
2024-02-07,Téléphone,Électronique,5,23012,Djougou
2024-01-24,Sac à dos,Accessoires,5,25803,Cotonou
2024-03-08,Chaussures,Baskets,5,58270,Cotonou
2024-03-14,Chaussures,Baskets,4,69809,Porto-Novo
2024-02-20,Sac à dos,Accessoires,2,14992,Porto-Novo
2024-04-23,Montre,Accessoires,4,49504,Djougou
2024-03-07,Téléphone,Électronique,3,54073,Djougou
2024-01-14,Téléphone,Électronique,4,25430,Cotonou
2024-01-29,Chaussures,Baskets,3,55890,Cotonou
2024-01-07,Lunettes,Accessoires,2,75823,Djougou
2024-02-06,Montre,Accessoires,4,27577,Abomey
2024-01-03,T-shirt,Vêtements,3,50866,Djougou
2024-02-27,Sac à dos,Accessoires,1,32744,Parakou
2024-04-01,Chaussures,Baskets,3,16752,Parakou
2024-04-15,Téléphone,Électronique,5,37619,Abomey
2024-01-10,Montre,Accessoires,4,22682,Djougou
2024-04-22,T-shirt,Vêtements,1,33216,Abomey
2024-04-12,Sac à dos,Accessoires,5,2438,Parakou
2024-03-08,Téléphone,Électronique,4,28196,Cotonou
2024-03-10,Chaussures,Baskets,1,48853,Parakou
2024-03-07,T-shirt,Vêtements,5,20952,Djougou
2024-01-09,Montre,Accessoires,5,64690,Abomey
2024-04-08,Montre,Accessoires,3,12132,Djougou
2024-04-19,T-shirt,Vêtements,1,32378,Parakou
2024-01-08,Lunettes,Accessoires,4,79577,Parakou
2024-02-18,T-shirt,Vêtements,3,29300,Abomey
2024-03-06,Montre,Accessoires,5,36744,Porto-Novo
2024-01-24,Lunettes,Accessoires,5,51341,Djougou
2024-03-21,Casque audio,Électronique,5,43075,Cotonou
2024-02-15,Sac à dos,Accessoires,4,57860,Abomey
2024-02-13,Chaussures,Baskets,5,18634,Parakou
2024-02-04,Sac à dos,Accessoires,5,24087,Parakou
2024-04-18,Sac à dos,Accessoires,5,41030,Cotonou
2024-04-02,Lunettes,Accessoires,4,7100,Djougou
2024-02-19,T-shirt,Vêtements,1,66434,Porto-Novo
2024-02-13,Pantalon,Vêtements,4,58890,Porto-Novo
2024-01-10,Chaussures,Baskets,5,21485,Abomey
2024-02-07,Casque audio,Électronique,4,20570,Djougou
2024-02-06,Casque audio,Électronique,2,61635,Parakou
2024-04-15,Casque audio,Électronique,2,66225,Cotonou
2024-03-19,Pantalon,Vêtements,3,6118,Parakou
2024-04-30,Sac à dos,Accessoires,4,59965,Porto-Novo
2024-02-08,T-shirt,Vêtements,5,30443,Parakou
2024-02-19,Lunettes,Accessoires,3,54169,Abomey
2024-01-10,Lunettes,Accessoires,1,39846,Djougou
2024-02-11,Téléphone,Électronique,5,57245,Cotonou
2024-02-23,Chaussures,Baskets,2,3450,Cotonou
2024-04-26,Sac à dos,Accessoires,3,19787,Porto-Novo
2024-02-02,Montre,Accessoires,4,20838,Djougou
2024-02-24,Lunettes,Accessoires,3,26397,Djougou
2024-02-13,Casque audio,Électronique,4,20356,Abomey
2024-02-27,Chaussures,Baskets,4,6691,Djougou
2024-01-31,Sac à dos,Accessoires,1,54730,Djougou
2024-01-20,Pantalon,Vêtements,5,46477,Parakou
2024-02-07,T-shirt,Vêtements,1,48700,Parakou
2024-01-20,Chaussures,Baskets,4,78117,Abomey
2024-04-01,Montre,Accessoires,3,48056,Parakou
2024-04-24,Chaussures,Baskets,5,29002,Parakou
2024-03-23,Pantalon,Vêtements,1,65654,Parakou
2024-01-30,T-shirt,Vêtements,5,16973,Cotonou
2024-04-14,Pantalon,Vêtements,1,56796,Porto-Novo
2024-03-21,Pantalon,Vêtements,1,11779,Porto-Novo
2024-04-21,Sac à dos,Accessoires,4,26078,Cotonou
2024-02-07,Casque audio,Électronique,5,52267,Abomey
2024-04-19,T-shirt,Vêtements,4,33196,Porto-Novo
2024-03-23,Montre,Accessoires,2,55198,Cotonou
2024-04-03,Pantalon,Vêtements,5,37065,Abomey
2024-02-23,Sac à dos,Accessoires,4,37202,Porto-Novo
2024-04-14,Montre,Accessoires,1,76967,Parakou
2024-02-02,Montre,Accessoires,1,17924,Porto-Novo
2024-04-16,Lunettes,Accessoires,2,24724,Abomey
2024-02-17,Pantalon,Vêtements,4,33239,Porto-Novo
2024-01-28,Lunettes,Accessoires,3,26979,Parakou
2024-03-30,Chaussures,Baskets,4,4364,Abomey
2024-04-28,Pantalon,Vêtements,1,44544,Porto-Novo
2024-01-05,Lunettes,Accessoires,1,52169,Parakou
2024-03-12,Pantalon,Vêtements,4,21533,Abomey
2024-02-24,Casque audio,Électronique,3,19177,Abomey
2024-03-03,Pantalon,Vêtements,3,52526,Porto-Novo
2024-04-20,Pantalon,Vêtements,5,17411,Djougou
2024-04-18,T-shirt,Vêtements,5,42216,Parakou
2024-01-28,Téléphone,Électronique,4,54949,Cotonou
2024-02-11,Lunettes,Accessoires,3,58365,Abomey
2024-03-14,T-shirt,Vêtements,1,9417,Porto-Novo
2024-01-02,Sac à dos,Accessoires,1,23260,Djougou
2024-01-01,Sac à dos,Accessoires,5,64059,Parakou
2024-04-20,Téléphone,Électronique,3,4221,Parakou
2024-02-05,Téléphone,Électronique,3,40113,Parakou
2024-02-09,Téléphone,Électronique,4,56890,Abomey
2024-04-20,T-shirt,Vêtements,4,2957,Cotonou
2024-02-17,Chaussures,Baskets,2,68468,Porto-Novo
2024-04-25,Montre,Accessoires,4,20489,Cotonou
2024-03-29,Sac à dos,Accessoires,3,54780,Parakou
2024-01-02,Sac à dos,Accessoires,1,32136,Djougou
2024-03-19,Sac à dos,Accessoires,1,29540,Porto-Novo
2024-01-31,Chaussures,Baskets,3,57131,Parakou
2024-02-02,Casque audio,Électronique,5,70900,Parakou
2024-01-02,T-shirt,Vêtements,2,14971,Porto-Novo
2024-03-29,Téléphone,Électronique,3,13477,Parakou
2024-01-03,Montre,Accessoires,4,19160,Abomey
2024-03-17,T-shirt,Vêtements,3,52054,Abomey
2024-03-03,Téléphone,Électronique,2,40771,Abomey
2024-02-20,Téléphone,Électronique,5,55152,Abomey
2024-02-11,Sac à dos,Accessoires,2,15677,Abomey
2024-02-06,Lunettes,Accessoires,3,77716,Abomey
2024-03-07,Chaussures,Baskets,2,69626,Abomey
2024-02-07,Sac à dos,Accessoires,3,48855,Abomey
2024-01-06,T-shirt,Vêtements,5,58978,Porto-Novo
2024-02-11,T-shirt,Vêtements,3,53717,Porto-Novo
2024-04-13,T-shirt,Vêtements,5,24277,Porto-Novo
2024-04-10,Montre,Accessoires,4,68568,Djougou
2024-01-11,Téléphone,Électronique,2,17520,Cotonou
2024-03-16,Montre,Accessoires,1,17710,Abomey
2024-04-08,Lunettes,Accessoires,3,51039,Parakou
2024-04-26,Sac à dos,Accessoires,3,51308,Cotonou
2024-02-03,Lunettes,Accessoires,1,44277,Porto-Novo
2024-01-09,Montre,Accessoires,3,75684,Djougou
2024-04-12,Casque audio,Électronique,1,22775,Djougou
2024-03-27,Sac à dos,Accessoires,3,12312,Abomey
2024-04-07,Pantalon,Vêtements,2,74092,Porto-Novo
2024-01-05,Sac à dos,Accessoires,3,13528,Parakou
2024-04-29,Casque audio,Électronique,4,26349,Parakou
2024-04-13,Casque audio,Électronique,2,32704,Cotonou
2024-01-10,Montre,Accessoires,1,63170,Porto-Novo
2024-04-14,Chaussures,Baskets,1,58449,Abomey
2024-04-04,Sac à dos,Accessoires,3,57160,Djougou
2024-04-23,T-shirt,Vêtements,3,74665,Cotonou
2024-04-01,T-shirt,Vêtements,4,7017,Abomey
2024-01-27,Montre,Accessoires,2,23877,Abomey
2024-03-14,Montre,Accessoires,3,27764,Djougou
2024-04-19,T-shirt,Vêtements,2,28859,Cotonou
2024-02-07,Chaussures,Baskets,4,44786,Cotonou
2024-02-26,Sac à dos,Accessoires,2,53329,Djougou
2024-03-28,Montre,Accessoires,3,65639,Abomey
2024-02-04,Chaussures,Baskets,3,65654,Parakou
2024-03-31,Téléphone,Électronique,4,49190,Porto-Novo
2024-01-05,Lunettes,Accessoires,1,23833,Parakou
2024-04-20,Casque audio,Électronique,4,32248,Porto-Novo
2024-03-27,Chaussures,Baskets,1,1956,Abomey
2024-03-19,Chaussures,Baskets,4,54475,Djougou
2024-01-06,Chaussures,Baskets,2,62108,Parakou
2024-02-28,Téléphone,Électronique,2,29002,Cotonou
2024-02-03,Pantalon,Vêtements,2,26294,Abomey
2024-01-12,Chaussures,Baskets,5,58091,Porto-Novo
2024-03-14,Sac à dos,Accessoires,5,29246,Porto-Novo
2024-03-04,Casque audio,Électronique,1,76238,Porto-Novo
2024-01-29,Téléphone,Électronique,2,8465,Abomey
2024-03-21,T-shirt,Vêtements,5,13533,Cotonou
2024-01-20,Chaussures,Baskets,1,23454,Abomey
2024-04-24,Casque audio,Électronique,4,77127,Djougou
2024-01-22,Chaussures,Baskets,5,28437,Cotonou
2024-02-22,Chaussures,Baskets,2,76194,Parakou
2024-01-22,Chaussures,Baskets,5,68630,Parakou
2024-02-02,Sac à dos,Accessoires,5,12093,Abomey
2024-03-29,Téléphone,Électronique,2,13982,Djougou
2024-01-15,Téléphone,Électronique,4,20324,Porto-Novo
2024-03-16,Chaussures,Baskets,5,19487,Cotonou
2024-02-09,Sac à dos,Accessoires,4,36237,Porto-Novo
2024-03-01,Chaussures,Baskets,1,40808,Porto-Novo
2024-02-12,Pantalon,Vêtements,5,48551,Djougou
2024-01-22,Téléphone,Électronique,4,72114,Abomey
2024-01-28,Téléphone,Électronique,5,16452,Djougou
2024-03-05,Chaussures,Baskets,2,62904,Parakou
2024-04-02,Montre,Accessoires,3,64387,Abomey
2024-03-28,Montre,Accessoires,1,56903,Djougou
2024-04-10,Téléphone,Électronique,4,15848,Porto-Novo
2024-02-11,Chaussures,Baskets,2,18321,Cotonou
2024-01-19,Pantalon,Vêtements,3,71204,Djougou
2024-01-26,Chaussures,Baskets,2,76635,Parakou
2024-04-11,Lunettes,Accessoires,5,75538,Abomey
2024-03-05,Téléphone,Électronique,3,7745,Djougou
2024-02-01,T-shirt,Vêtements,1,31457,Djougou
2024-03-23,Téléphone,Électronique,3,30382,Djougou
2024-04-23,T-shirt,Vêtements,2,40122,Parakou
2024-01-12,Pantalon,Vêtements,2,28351,Abomey
2024-03-30,Sac à dos,Accessoires,4,62793,Djougou
2024-03-11,T-shirt,Vêtements,4,68865,Porto-Novo
2024-02-21,T-shirt,Vêtements,1,42497,Porto-Novo
2024-02-12,Montre,Accessoires,3,49485,Porto-Novo
2024-02-14,Montre,Accessoires,2,74792,Djougou
2024-01-27,Montre,Accessoires,1,30953,Abomey
2024-02-01,T-shirt,Vêtements,5,14818,Djougou
2024-04-21,Sac à dos,Accessoires,5,55464,Djougou
2024-03-11,Montre,Accessoires,3,61870,Porto-Novo
2024-03-24,Pantalon,Vêtements,1,11735,Abomey
2024-01-08,Casque audio,Électronique,2,1692,Porto-Novo
2024-03-09,Chaussures,Baskets,1,7993,Porto-Novo
2024-04-07,Chaussures,Baskets,4,51591,Abomey
2024-02-19,Téléphone,Électronique,2,12118,Abomey
2024-03-13,T-shirt,Vêtements,5,72162,Porto-Novo
2024-01-30,Chaussures,Baskets,3,36110,Cotonou
2024-04-28,Pantalon,Vêtements,5,5865,Porto-Novo
2024-02-09,Lunettes,Accessoires,1,47256,Parakou
2024-02-01,Montre,Accessoires,1,68956,Parakou
2024-01-10,Montre,Accessoires,2,52058,Djougou
2024-01-06,Téléphone,Électronique,5,20870,Parakou
2024-01-26,Casque audio,Électronique,4,48193,Porto-Novo
2024-04-09,Lunettes,Accessoires,3,79704,Parakou
2024-03-02,Téléphone,Électronique,2,24722,Djougou
2024-04-07,Chaussures,Baskets,1,38209,Porto-Novo
2024-03-31,Lunettes,Accessoires,3,75557,Cotonou
2024-01-11,Lunettes,Accessoires,4,34672,Porto-Novo
2024-02-09,Pantalon,Vêtements,1,2036,Djougou
2024-01-02,T-shirt,Vêtements,3,7026,Djougou
2024-01-21,Lunettes,Accessoires,2,23269,Djougou
2024-01-30,Téléphone,Électronique,2,70020,Djougou
2024-04-27,T-shirt,Vêtements,1,66338,Parakou
2024-04-22,T-shirt,Vêtements,5,9609,Cotonou
2024-03-10,Téléphone,Électronique,2,73992,Porto-Novo
2024-03-15,Téléphone,Électronique,5,44154,Djougou
2024-01-08,T-shirt,Vêtements,4,8489,Cotonou
2024-04-29,T-shirt,Vêtements,4,10976,Cotonou
2024-02-05,T-shirt,Vêtements,1,5036,Porto-Novo
2024-01-06,T-shirt,Vêtements,2,72929,Cotonou
2024-02-18,Chaussures,Baskets,2,45225,Cotonou
2024-02-07,Pantalon,Vêtements,3,54903,Cotonou
2024-03-23,Lunettes,Accessoires,5,11274,Djougou
2024-01-12,Lunettes,Accessoires,2,69659,Cotonou
2024-02-29,T-shirt,Vêtements,2,1040,Parakou
2024-02-12,Sac à dos,Accessoires,1,76301,Porto-Novo
2024-01-10,T-shirt,Vêtements,2,38398,Parakou
2024-04-03,Pantalon,Vêtements,4,41072,Djougou
2024-03-13,Pantalon,Vêtements,3,13996,Abomey
2024-02-17,T-shirt,Vêtements,5,66829,Djougou
2024-02-11,Lunettes,Accessoires,2,3381,Djougou
2024-02-17,Lunettes,Accessoires,2,53277,Porto-Novo
2024-01-13,Chaussures,Baskets,4,71012,Porto-Novo
2024-04-20,Sac à dos,Accessoires,5,9476,Porto-Novo
2024-01-29,Chaussures,Baskets,4,71818,Parakou
2024-03-15,Montre,Accessoires,2,69839,Djougou
2024-04-11,Chaussures,Baskets,1,52756,Cotonou
2024-01-18,Montre,Accessoires,4,44495,Cotonou
2024-03-10,Casque audio,Électronique,3,58489,Abomey
2024-02-20,Téléphone,Électronique,3,78502,Parakou
2024-04-08,Chaussures,Baskets,3,6051,Cotonou
2024-04-19,Lunettes,Accessoires,1,71735,Djougou
2024-01-26,Lunettes,Accessoires,4,4063,Abomey
2024-03-27,Chaussures,Baskets,5,20042,Porto-Novo
2024-03-27,Montre,Accessoires,4,22316,Abomey
2024-03-22,Pantalon,Vêtements,5,63571,Abomey
2024-03-09,T-shirt,Vêtements,1,35486,Porto-Novo
2024-01-04,Lunettes,Accessoires,1,54265,Parakou
2024-02-12,Téléphone,Électronique,5,28888,Abomey
2024-04-19,T-shirt,Vêtements,5,67071,Cotonou
2024-01-18,Téléphone,Électronique,1,61632,Porto-Novo
2024-04-29,Pantalon,Vêtements,3,31390,Porto-Novo
2024-04-12,Téléphone,Électronique,4,63565,Djougou
2024-04-05,Téléphone,Électronique,2,30392,Abomey
2024-01-30,Chaussures,Baskets,3,41161,Djougou
2024-02-13,Téléphone,Électronique,5,38599,Djougou
2024-02-10,T-shirt,Vêtements,1,6098,Djougou
2024-01-22,Casque audio,Électronique,1,11561,Porto-Novo
2024-01-29,Sac à dos,Accessoires,5,3560,Porto-Novo
2024-04-17,Sac à dos,Accessoires,1,42915,Parakou
2024-04-12,Montre,Accessoires,3,2085,Djougou
2024-01-30,Pantalon,Vêtements,3,8010,Parakou
2024-01-14,Casque audio,Électronique,3,49767,Abomey
2024-01-27,Chaussures,Baskets,5,39623,Cotonou
2024-01-17,Casque audio,Électronique,2,26251,Parakou
2024-01-16,Téléphone,Électronique,5,28032,Cotonou
2024-01-01,T-shirt,Vêtements,1,1342,Porto-Novo
2024-01-25,Casque audio,Électronique,3,62268,Djougou
2024-02-10,Chaussures,Baskets,1,52090,Parakou
2024-03-18,Sac à dos,Accessoires,2,31631,Cotonou
2024-03-20,Pantalon,Vêtements,3,34619,Porto-Novo
2024-04-11,Casque audio,Électronique,5,70572,Parakou
2024-02-04,Lunettes,Accessoires,3,8414,Cotonou
2024-02-19,Pantalon,Vêtements,4,58406,Abomey
2024-02-06,Casque audio,Électronique,5,44916,Parakou
2024-01-24,Montre,Accessoires,3,53515,Parakou
2024-01-19,Pantalon,Vêtements,4,6475,Cotonou
2024-01-18,Pantalon,Vêtements,4,11487,Abomey
2024-04-10,Sac à dos,Accessoires,1,27139,Cotonou
2024-04-28,Montre,Accessoires,5,35616,Djougou
2024-01-28,Pantalon,Vêtements,2,35093,Djougou
2024-01-20,Sac à dos,Accessoires,1,47853,Cotonou
2024-02-22,Casque audio,Électronique,5,47648,Porto-Novo
2024-04-02,Pantalon,Vêtements,2,4910,Porto-Novo
2024-03-12,Sac à dos,Accessoires,5,67009,Cotonou
2024-03-26,Casque audio,Électronique,4,31660,Parakou
2024-01-14,Chaussures,Baskets,4,7183,Abomey
2024-02-05,Casque audio,Électronique,3,19153,Abomey
2024-04-25,Casque audio,Électronique,5,24430,Abomey
2024-02-03,Sac à dos,Accessoires,4,52445,Cotonou
2024-03-31,Téléphone,Électronique,3,69817,Parakou
2024-04-27,Pantalon,Vêtements,1,75111,Cotonou
2024-04-10,Montre,Accessoires,2,28488,Porto-Novo
2024-03-04,Téléphone,Électronique,3,57542,Cotonou
2024-03-18,Chaussures,Baskets,4,39372,Parakou
2024-01-24,Sac à dos,Accessoires,5,67495,Parakou
2024-04-15,Lunettes,Accessoires,1,59168,Cotonou
2024-04-27,Pantalon,Vêtements,4,25368,Cotonou
2024-04-20,Lunettes,Accessoires,1,72951,Abomey
2024-01-02,Sac à dos,Accessoires,2,3222,Djougou
2024-03-18,Pantalon,Vêtements,4,18117,Parakou
2024-03-16,Téléphone,Électronique,4,72430,Abomey
2024-01-20,Pantalon,Vêtements,2,16064,Djougou
2024-03-01,Lunettes,Accessoires,4,54241,Djougou
2024-04-18,Lunettes,Accessoires,3,63528,Abomey
2024-03-24,Casque audio,Électronique,3,60343,Abomey
2024-03-07,T-shirt,Vêtements,2,17452,Parakou
2024-03-22,Casque audio,Électronique,2,58568,Porto-Novo
2024-02-19,Chaussures,Baskets,5,1361,Abomey
2024-01-20,Pantalon,Vêtements,3,73420,Djougou
2024-03-12,Lunettes,Accessoires,4,46718,Djougou
2024-03-04,Chaussures,Baskets,1,64487,Djougou
2024-03-09,Pantalon,Vêtements,4,13702,Parakou
2024-02-28,Téléphone,Électronique,5,18604,Porto-Novo
2024-04-21,Casque audio,Électronique,4,49755,Abomey
2024-03-17,Sac à dos,Accessoires,2,9576,Djougou
2024-01-27,Sac à dos,Accessoires,3,33890,Cotonou
2024-04-05,Montre,Accessoires,1,60547,Parakou
2024-01-17,T-shirt,Vêtements,4,49507,Parakou
2024-02-25,Lunettes,Accessoires,1,42030,Porto-Novo
2024-01-12,Montre,Accessoires,1,68615,Parakou
2024-03-28,Casque audio,Électronique,5,51209,Abomey
2024-01-26,T-shirt,Vêtements,4,47134,Abomey
2024-01-18,Lunettes,Accessoires,5,75294,Djougou
2024-03-23,Pantalon,Vêtements,2,57758,Parakou
2024-02-20,Montre,Accessoires,4,78646,Parakou
2024-03-27,Téléphone,Électronique,4,41678,Parakou
2024-02-09,Montre,Accessoires,5,42907,Parakou
2024-01-05,Pantalon,Vêtements,1,51271,Abomey
2024-01-17,T-shirt,Vêtements,4,79735,Djougou
2024-03-05,Chaussures,Baskets,2,1641,Abomey
2024-01-17,Pantalon,Vêtements,1,62816,Abomey
2024-03-16,Téléphone,Électronique,2,3374,Abomey
2024-01-07,Chaussures,Baskets,1,39258,Porto-Novo
2024-01-04,Lunettes,Accessoires,1,71053,Djougou
2024-02-04,Casque audio,Électronique,5,68267,Cotonou
2024-04-11,Pantalon,Vêtements,4,4615,Djougou
2024-03-13,Sac à dos,Accessoires,1,48048,Djougou
2024-03-18,Casque audio,Électronique,5,11761,Parakou
2024-02-06,Sac à dos,Accessoires,4,14113,Abomey
2024-03-01,T-shirt,Vêtements,5,17477,Cotonou
2024-01-16,T-shirt,Vêtements,2,18609,Parakou
2024-02-18,Casque audio,Électronique,2,69582,Djougou
2024-03-30,T-shirt,Vêtements,5,47385,Parakou
2024-03-24,Lunettes,Accessoires,3,64519,Djougou
2024-04-05,Casque audio,Électronique,1,56108,Cotonou
2024-01-11,Montre,Accessoires,3,66353,Cotonou
2024-01-01,Téléphone,Électronique,2,24638,Cotonou
2024-03-13,Chaussures,Baskets,5,26552,Abomey
2024-01-01,Sac à dos,Accessoires,5,72774,Djougou
2024-02-01,Téléphone,Électronique,2,5235,Parakou
2024-01-29,Sac à dos,Accessoires,4,65859,Djougou
2024-02-03,Chaussures,Baskets,4,68007,Parakou
2024-04-13,T-shirt,Vêtements,4,49193,Abomey
2024-02-26,Sac à dos,Accessoires,1,55655,Djougou
2024-01-13,T-shirt,Vêtements,1,73304,Cotonou
2024-02-12,Casque audio,Électronique,4,22139,Abomey
2024-03-02,Lunettes,Accessoires,2,37325,Cotonou
2024-03-04,Casque audio,Électronique,3,3622,Djougou
2024-02-21,Sac à dos,Accessoires,4,53772,Djougou
2024-02-05,Pantalon,Vêtements,5,50807,Parakou
2024-02-12,T-shirt,Vêtements,4,14963,Djougou
2024-01-23,Montre,Accessoires,4,37123,Cotonou
2024-04-07,Chaussures,Baskets,3,61790,Abomey
2024-04-26,Sac à dos,Accessoires,1,23455,Cotonou
2024-03-23,Montre,Accessoires,1,78827,Parakou
2024-03-31,T-shirt,Vêtements,2,76043,Djougou
2024-03-02,Lunettes,Accessoires,2,26858,Porto-Novo
2024-01-21,Téléphone,Électronique,5,4105,Abomey
2024-01-31,Casque audio,Électronique,4,64040,Porto-Novo
2024-04-08,Chaussures,Baskets,3,42553,Djougou
2024-01-06,Lunettes,Accessoires,1,46474,Parakou
2024-03-11,Casque audio,Électronique,1,16669,Parakou
2024-04-22,Sac à dos,Accessoires,1,14476,Cotonou
2024-01-02,Lunettes,Accessoires,1,59660,Djougou
2024-04-23,Lunettes,Accessoires,3,2866,Cotonou
2024-01-25,Téléphone,Électronique,3,53437,Parakou
2024-04-04,Casque audio,Électronique,4,27071,Abomey
2024-03-17,Sac à dos,Accessoires,3,70985,Cotonou
2024-04-09,Casque audio,Électronique,2,1691,Porto-Novo
2024-02-23,Lunettes,Accessoires,5,74362,Parakou
2024-02-28,T-shirt,Vêtements,5,49121,Parakou
2024-04-09,Casque audio,Électronique,5,50334,Djougou
2024-02-23,Chaussures,Baskets,2,37503,Parakou
2024-03-24,Téléphone,Électronique,4,5638,Cotonou
2024-02-22,Sac à dos,Accessoires,2,72700,Parakou
2024-01-02,Lunettes,Accessoires,3,19473,Abomey
2024-03-01,Pantalon,Vêtements,3,42880,Abomey
2024-03-19,Casque audio,Électronique,2,5700,Djougou
2024-03-20,Téléphone,Électronique,1,5520,Djougou
2024-04-21,Casque audio,Électronique,4,7863,Porto-Novo
2024-03-27,Téléphone,Électronique,1,23018,Djougou
2024-04-17,Chaussures,Baskets,5,11987,Cotonou
2024-03-28,T-shirt,Vêtements,5,3457,Parakou
2024-03-09,Téléphone,Électronique,3,22506,Djougou
2024-03-21,Chaussures,Baskets,1,12016,Parakou
2024-01-25,Chaussures,Baskets,4,70989,Porto-Novo
2024-01-02,Téléphone,Électronique,4,29341,Abomey
2024-04-01,Sac à dos,Accessoires,3,44268,Porto-Novo
2024-04-18,Montre,Accessoires,1,7125,Parakou
2024-04-25,Sac à dos,Accessoires,1,35565,Parakou
2024-03-12,T-shirt,Vêtements,1,63176,Abomey
2024-02-25,Pantalon,Vêtements,5,12353,Cotonou
2024-02-03,Casque audio,Électronique,3,12849,Parakou
2024-04-24,Casque audio,Électronique,1,11038,Porto-Novo
2024-04-27,T-shirt,Vêtements,4,53659,Cotonou
2024-01-20,Lunettes,Accessoires,1,75430,Porto-Novo
2024-04-09,Lunettes,Accessoires,3,45214,Abomey
2024-04-12,Casque audio,Électronique,1,10095,Djougou
2024-01-21,Sac à dos,Accessoires,2,1595,Abomey
2024-01-09,Sac à dos,Accessoires,5,22570,Parakou
2024-02-05,Chaussures,Baskets,1,79405,Abomey
2024-03-20,Montre,Accessoires,2,68360,Parakou
2024-02-12,Lunettes,Accessoires,3,12104,Porto-Novo
2024-02-28,Lunettes,Accessoires,4,43063,Djougou
2024-03-22,Chaussures,Baskets,3,39591,Cotonou
2024-04-29,Chaussures,Baskets,4,40215,Parakou
2024-02-03,Sac à dos,Accessoires,3,59856,Porto-Novo
2024-01-31,Sac à dos,Accessoires,2,50022,Abomey
2024-01-31,Téléphone,Électronique,2,6488,Porto-Novo
2024-02-14,Pantalon,Vêtements,3,63450,Djougou
2024-03-15,T-shirt,Vêtements,5,11488,Parakou
2024-02-03,Lunettes,Accessoires,5,52144,Cotonou
2024-03-15,Casque audio,Électronique,3,62923,Parakou
2024-02-18,Pantalon,Vêtements,2,13585,Parakou
2024-03-14,Casque audio,Électronique,1,37667,Cotonou
2024-01-29,Casque audio,Électronique,4,10216,Cotonou
2024-03-26,Casque audio,Électronique,4,68626,Porto-Novo
2024-01-09,Pantalon,Vêtements,1,62831,Porto-Novo
2024-01-27,Lunettes,Accessoires,2,54091,Djougou
2024-02-20,Montre,Accessoires,4,13465,Parakou
2024-04-30,Casque audio,Électronique,3,54229,Cotonou
2024-02-20,Chaussures,Baskets,1,27568,Porto-Novo
2024-01-23,Montre,Accessoires,2,10274,Cotonou
2024-02-28,Lunettes,Accessoires,3,51695,Djougou
2024-01-10,Casque audio,Électronique,5,58102,Djougou
2024-01-07,Chaussures,Baskets,1,58622,Parakou
2024-04-08,Lunettes,Accessoires,4,17674,Cotonou
2024-04-11,Casque audio,Électronique,4,64502,Parakou
2024-03-29,Montre,Accessoires,3,27857,Cotonou
2024-02-13,Lunettes,Accessoires,2,54682,Parakou
2024-04-16,Sac à dos,Accessoires,1,10967,Porto-Novo
2024-01-26,Lunettes,Accessoires,3,74132,Parakou
2024-01-04,Sac à dos,Accessoires,2,17562,Parakou
2024-04-27,Lunettes,Accessoires,1,18294,Porto-Novo
2024-04-18,Sac à dos,Accessoires,2,31337,Porto-Novo
2024-04-20,Pantalon,Vêtements,2,63397,Parakou
2024-02-18,Pantalon,Vêtements,1,64482,Cotonou
2024-01-14,Montre,Accessoires,3,23961,Porto-Novo
2024-04-20,Pantalon,Vêtements,3,18054,Porto-Novo
2024-03-15,Casque audio,Électronique,2,74349,Abomey
2024-04-07,Chaussures,Baskets,4,27403,Abomey
2024-03-25,Sac à dos,Accessoires,1,15214,Djougou
2024-01-16,Téléphone,Électronique,5,78535,Cotonou
2024-02-07,Lunettes,Accessoires,5,57271,Porto-Novo
2024-02-13,Pantalon,Vêtements,3,25345,Djougou
2024-01-02,Casque audio,Électronique,4,46096,Abomey
2024-02-28,Lunettes,Accessoires,1,36924,Cotonou
2024-01-21,Téléphone,Électronique,3,28285,Parakou
2024-04-18,Sac à dos,Accessoires,5,76445,Porto-Novo
2024-01-07,Casque audio,Électronique,3,68813,Cotonou
2024-01-21,T-shirt,Vêtements,1,49343,Cotonou
2024-03-09,Téléphone,Électronique,5,41200,Porto-Novo
2024-03-12,Sac à dos,Accessoires,2,33244,Cotonou
2024-04-08,Montre,Accessoires,3,63470,Abomey
2024-03-02,Pantalon,Vêtements,5,62496,Porto-Novo
2024-01-26,Téléphone,Électronique,4,23769,Parakou
2024-02-18,Pantalon,Vêtements,3,71608,Abomey
2024-02-10,Téléphone,Électronique,2,63346,Abomey
2024-04-19,Montre,Accessoires,4,27014,Parakou
2024-04-17,Casque audio,Électronique,2,69030,Parakou
2024-01-03,Téléphone,Électronique,2,67404,Djougou
2024-02-17,Pantalon,Vêtements,4,18791,Parakou
2024-01-23,Lunettes,Accessoires,5,54309,Djougou
2024-04-24,Téléphone,Électronique,1,27857,Djougou
2024-02-17,Pantalon,Vêtements,4,23483,Porto-Novo
2024-02-19,Casque audio,Électronique,3,24487,Djougou
2024-04-20,Casque audio,Électronique,4,30973,Abomey
2024-01-21,Casque audio,Électronique,4,68789,Cotonou
2024-01-29,Chaussures,Baskets,2,38354,Cotonou
2024-03-20,Montre,Accessoires,1,24935,Parakou
2024-04-01,Casque audio,Électronique,5,34978,Abomey
2024-02-03,Chaussures,Baskets,2,75350,Porto-Novo
2024-01-31,Téléphone,Électronique,3,36324,Djougou
2024-01-14,T-shirt,Vêtements,3,53940,Cotonou
2024-04-30,Téléphone,Électronique,3,72226,Djougou
2024-03-04,Chaussures,Baskets,2,13909,Abomey
2024-01-17,Montre,Accessoires,5,16753,Abomey
2024-04-06,Casque audio,Électronique,2,65798,Cotonou
2024-03-26,Pantalon,Vêtements,3,32517,Djougou
2024-02-19,Montre,Accessoires,2,71028,Cotonou
2024-02-12,Casque audio,Électronique,3,67709,Djougou
2024-02-06,Casque audio,Électronique,2,28540,Porto-Novo
2024-01-10,Téléphone,Électronique,2,11971,Parakou
2024-02-21,Lunettes,Accessoires,4,61988,Djougou
2024-02-08,Lunettes,Accessoires,5,55564,Porto-Novo
2024-04-18,Téléphone,Électronique,3,53818,Parakou
2024-01-22,Casque audio,Électronique,2,45707,Djougou
2024-02-27,Pantalon,Vêtements,5,13779,Porto-Novo
2024-04-24,Sac à dos,Accessoires,3,9045,Abomey
2024-04-30,T-shirt,Vêtements,3,73603,Abomey
2024-04-08,Téléphone,Électronique,1,2582,Abomey
2024-04-09,Montre,Accessoires,5,19716,Porto-Novo
2024-01-18,Lunettes,Accessoires,5,45935,Porto-Novo
2024-03-04,Téléphone,Électronique,5,31602,Abomey
2024-02-18,Pantalon,Vêtements,2,59590,Abomey
2024-04-03,Pantalon,Vêtements,4,10660,Djougou
2024-04-28,Lunettes,Accessoires,2,40426,Djougou
2024-03-26,Lunettes,Accessoires,1,56606,Porto-Novo
2024-02-10,T-shirt,Vêtements,2,37870,Abomey
2024-01-09,Montre,Accessoires,1,31438,Djougou
2024-04-27,Téléphone,Électronique,1,5965,Parakou
2024-03-24,T-shirt,Vêtements,1,59978,Djougou
2024-02-27,Lunettes,Accessoires,2,47550,Parakou
2024-01-13,Téléphone,Électronique,3,75653,Parakou
2024-02-19,Lunettes,Accessoires,4,12422,Cotonou
2024-04-02,Sac à dos,Accessoires,3,43190,Djougou
2024-01-02,Montre,Accessoires,3,76104,Cotonou
2024-01-31,Pantalon,Vêtements,4,17783,Parakou
2024-04-03,Montre,Accessoires,2,31504,Porto-Novo
2024-03-04,T-shirt,Vêtements,1,35405,Parakou
2024-02-05,Montre,Accessoires,1,30315,Cotonou
2024-03-06,T-shirt,Vêtements,4,57934,Djougou
2024-01-31,Téléphone,Électronique,4,68195,Parakou
2024-03-28,Téléphone,Électronique,4,39625,Djougou
2024-01-05,Montre,Accessoires,1,67158,Abomey
2024-02-14,Pantalon,Vêtements,5,54785,Porto-Novo
2024-02-03,Chaussures,Baskets,3,71466,Djougou
2024-03-09,Lunettes,Accessoires,3,79201,Djougou
2024-01-11,Montre,Accessoires,5,50113,Parakou
2024-03-17,Casque audio,Électronique,4,66192,Porto-Novo
2024-01-05,Chaussures,Baskets,2,48319,Cotonou
2024-02-21,Pantalon,Vêtements,1,40955,Porto-Novo
2024-01-17,Sac à dos,Accessoires,3,72119,Cotonou
2024-01-27,Pantalon,Vêtements,2,19141,Cotonou
2024-01-31,Chaussures,Baskets,5,74461,Abomey
2024-01-13,T-shirt,Vêtements,2,22581,Cotonou
2024-02-02,Chaussures,Baskets,5,10111,Djougou
2024-04-13,Chaussures,Baskets,2,67305,Djougou
2024-03-26,Casque audio,Électronique,5,42345,Parakou
2024-02-16,Chaussures,Baskets,2,25584,Porto-Novo
2024-03-19,Lunettes,Accessoires,2,23444,Abomey
2024-04-08,Chaussures,Baskets,1,8296,Parakou
2024-03-07,Chaussures,Baskets,5,42703,Parakou
2024-02-09,Pantalon,Vêtements,4,5688,Djougou
2024-03-11,Chaussures,Baskets,5,6458,Porto-Novo
2024-02-03,Pantalon,Vêtements,1,31356,Cotonou
2024-01-17,Téléphone,Électronique,4,29305,Parakou
2024-04-22,T-shirt,Vêtements,4,60641,Cotonou
2024-04-08,Casque audio,Électronique,2,19286,Cotonou
2024-04-13,Chaussures,Baskets,5,36176,Djougou
2024-02-19,Chaussures,Baskets,3,24929,Cotonou
2024-01-20,Lunettes,Accessoires,3,60201,Cotonou
2024-04-19,Chaussures,Baskets,2,65142,Parakou
2024-03-20,Sac à dos,Accessoires,2,21913,Parakou
2024-02-06,Lunettes,Accessoires,3,52647,Porto-Novo
2024-02-19,Chaussures,Baskets,5,47226,Parakou
2024-01-24,Lunettes,Accessoires,5,35553,Parakou
2024-02-04,Chaussures,Baskets,1,58888,Cotonou
2024-03-03,Téléphone,Électronique,4,66232,Djougou
2024-03-14,Chaussures,Baskets,2,14398,Djougou
2024-02-19,Montre,Accessoires,2,74947,Porto-Novo
2024-01-13,Chaussures,Baskets,4,57288,Cotonou
2024-02-27,Casque audio,Électronique,3,66440,Cotonou
2024-02-16,T-shirt,Vêtements,1,54087,Abomey
2024-03-08,Casque audio,Électronique,1,15527,Abomey
2024-02-01,T-shirt,Vêtements,2,32601,Parakou
2024-04-12,Montre,Accessoires,3,14720,Parakou
2024-04-19,T-shirt,Vêtements,2,14270,Parakou
2024-01-31,Pantalon,Vêtements,1,50028,Djougou
2024-01-24,Sac à dos,Accessoires,1,14566,Parakou
2024-04-14,Pantalon,Vêtements,3,36231,Parakou
2024-04-15,Pantalon,Vêtements,5,63001,Cotonou
2024-01-21,Sac à dos,Accessoires,2,35152,Porto-Novo
2024-01-17,T-shirt,Vêtements,4,9080,Parakou
2024-03-07,Lunettes,Accessoires,5,63004,Djougou
2024-01-23,Montre,Accessoires,1,65253,Abomey
2024-03-29,Téléphone,Électronique,1,19425,Djougou
2024-01-20,Sac à dos,Accessoires,1,53807,Abomey
2024-01-13,T-shirt,Vêtements,4,38358,Cotonou
2024-03-29,Téléphone,Électronique,3,58519,Porto-Novo
2024-02-29,Pantalon,Vêtements,5,66118,Djougou
2024-02-04,Chaussures,Baskets,5,18687,Djougou
2024-03-05,Casque audio,Électronique,3,48788,Cotonou
2024-01-16,T-shirt,Vêtements,1,50004,Parakou
2024-03-14,Chaussures,Baskets,4,35471,Parakou
2024-04-20,Téléphone,Électronique,4,72718,Parakou
2024-02-24,Pantalon,Vêtements,4,60540,Parakou
2024-03-26,Téléphone,Électronique,5,2738,Parakou
2024-03-31,Chaussures,Baskets,4,69524,Abomey
2024-04-01,Montre,Accessoires,1,23719,Djougou
2024-01-17,Casque audio,Électronique,3,79809,Cotonou
2024-02-19,T-shirt,Vêtements,5,55927,Abomey
2024-03-27,Lunettes,Accessoires,1,18180,Porto-Novo
2024-03-02,Chaussures,Baskets,3,35156,Porto-Novo
2024-02-10,Lunettes,Accessoires,4,38272,Porto-Novo
2024-02-22,Chaussures,Baskets,2,14328,Cotonou
2024-01-24,Montre,Accessoires,3,43360,Parakou
2024-01-03,Lunettes,Accessoires,1,51910,Porto-Novo
2024-02-02,Sac à dos,Accessoires,1,74745,Porto-Novo
2024-03-29,Montre,Accessoires,1,63425,Porto-Novo
2024-02-19,T-shirt,Vêtements,5,4888,Djougou
2024-02-14,Sac à dos,Accessoires,4,74977,Porto-Novo
2024-04-14,Casque audio,Électronique,3,16834,Cotonou
2024-02-26,Chaussures,Baskets,5,57401,Abomey
2024-04-17,Sac à dos,Accessoires,5,64616,Porto-Novo
2024-04-30,Chaussures,Baskets,5,21311,Parakou
2024-03-19,Sac à dos,Accessoires,5,27862,Djougou
2024-04-19,Pantalon,Vêtements,1,23799,Parakou
2024-03-14,Téléphone,Électronique,4,48308,Porto-Novo
2024-02-01,Lunettes,Accessoires,1,61332,Abomey
2024-04-08,Chaussures,Baskets,3,57469,Parakou
2024-04-10,Lunettes,Accessoires,1,73730,Djougou
2024-02-25,Chaussures,Baskets,4,29574,Cotonou
2024-02-02,Pantalon,Vêtements,4,11855,Djougou
2024-03-31,T-shirt,Vêtements,5,7775,Cotonou
2024-04-19,T-shirt,Vêtements,1,71991,Porto-Novo
2024-04-23,Montre,Accessoires,5,41743,Parakou
2024-04-21,Téléphone,Électronique,5,60703,Porto-Novo
2024-03-14,Sac à dos,Accessoires,1,67332,Porto-Novo
2024-01-05,Chaussures,Baskets,5,64674,Djougou
2024-04-17,Pantalon,Vêtements,1,62877,Parakou
2024-02-20,Montre,Accessoires,4,8176,Cotonou
2024-04-23,Chaussures,Baskets,4,66294,Djougou
2024-04-15,Lunettes,Accessoires,5,48056,Parakou
2024-03-02,Sac à dos,Accessoires,1,18085,Cotonou
2024-04-21,Sac à dos,Accessoires,1,11850,Abomey
2024-04-23,Téléphone,Électronique,2,18995,Porto-Novo
2024-01-11,Téléphone,Électronique,2,60965,Porto-Novo
2024-01-25,Montre,Accessoires,5,50419,Parakou
2024-01-09,Montre,Accessoires,4,24351,Abomey
2024-01-26,Lunettes,Accessoires,5,57359,Djougou
2024-04-08,Téléphone,Électronique,4,66309,Porto-Novo
2024-04-05,Lunettes,Accessoires,5,65185,Cotonou
2024-02-23,T-shirt,Vêtements,4,57213,Djougou
2024-01-27,Sac à dos,Accessoires,5,38142,Parakou
2024-03-23,Montre,Accessoires,2,10973,Abomey
2024-03-14,Casque audio,Électronique,4,24652,Parakou
2024-03-02,Téléphone,Électronique,3,39338,Cotonou
2024-01-06,Téléphone,Électronique,3,78747,Abomey
2024-02-09,T-shirt,Vêtements,3,15010,Cotonou
2024-03-05,Chaussures,Baskets,4,9419,Porto-Novo
2024-03-12,T-shirt,Vêtements,2,2027,Parakou
2024-04-16,Casque audio,Électronique,4,67168,Parakou
2024-03-02,T-shirt,Vêtements,5,17691,Abomey
2024-03-12,Sac à dos,Accessoires,4,56076,Parakou
2024-01-17,Chaussures,Baskets,1,68974,Abomey
2024-04-06,Casque audio,Électronique,3,64412,Porto-Novo
2024-04-16,Montre,Accessoires,3,53804,Cotonou
2024-01-22,Montre,Accessoires,3,53916,Djougou
2024-04-16,T-shirt,Vêtements,2,28157,Parakou
2024-01-05,Lunettes,Accessoires,5,49061,Cotonou
2024-02-13,T-shirt,Vêtements,1,14512,Cotonou
2024-02-15,Pantalon,Vêtements,2,17554,Parakou
2024-01-16,Téléphone,Électronique,4,39257,Djougou
2024-03-10,Casque audio,Électronique,5,63802,Djougou
2024-04-17,Sac à dos,Accessoires,5,54927,Cotonou
2024-03-03,T-shirt,Vêtements,4,7676,Abomey
2024-01-05,Pantalon,Vêtements,4,43219,Porto-Novo
2024-04-14,Chaussures,Baskets,3,15130,Parakou
2024-04-23,Chaussures,Baskets,4,2673,Abomey
2024-01-26,Chaussures,Baskets,2,19058,Cotonou
2024-04-19,Chaussures,Baskets,2,14868,Parakou
2024-02-16,Téléphone,Électronique,4,37401,Parakou
2024-02-29,Sac à dos,Accessoires,1,14014,Abomey
2024-04-24,Téléphone,Électronique,3,61670,Cotonou
2024-03-21,Pantalon,Vêtements,1,45634,Abomey
2024-01-16,Sac à dos,Accessoires,5,31578,Porto-Novo
2024-04-09,Pantalon,Vêtements,4,68636,Djougou
2024-02-27,Casque audio,Électronique,1,33576,Parakou
2024-03-03,Téléphone,Électronique,3,30875,Parakou
2024-03-15,Lunettes,Accessoires,5,73479,Parakou
2024-03-05,T-shirt,Vêtements,5,66787,Abomey
2024-01-25,Lunettes,Accessoires,3,19499,Cotonou
2024-03-05,Casque audio,Électronique,5,39563,Djougou
2024-04-02,Pantalon,Vêtements,4,49003,Porto-Novo
2024-01-29,Montre,Accessoires,1,57851,Abomey
2024-03-12,T-shirt,Vêtements,5,65579,Cotonou
2024-04-02,Chaussures,Baskets,2,14087,Djougou
2024-01-22,Téléphone,Électronique,3,55761,Porto-Novo
2024-01-05,Casque audio,Électronique,5,35370,Parakou
2024-04-02,Chaussures,Baskets,3,12898,Parakou
2024-02-27,T-shirt,Vêtements,2,20831,Porto-Novo
2024-04-18,Casque audio,Électronique,2,37385,Abomey
2024-03-30,Montre,Accessoires,1,77224,Parakou
2024-04-11,Casque audio,Électronique,5,56525,Porto-Novo
2024-04-11,T-shirt,Vêtements,4,25284,Cotonou
2024-02-12,Casque audio,Électronique,1,12261,Cotonou
2024-04-19,Sac à dos,Accessoires,3,7018,Cotonou
2024-04-02,Lunettes,Accessoires,1,37902,Djougou
2024-03-11,Sac à dos,Accessoires,1,60919,Porto-Novo
2024-04-04,Chaussures,Baskets,2,78521,Parakou
2024-01-26,T-shirt,Vêtements,5,10134,Abomey
2024-02-29,Téléphone,Électronique,5,39363,Parakou
2024-01-13,Sac à dos,Accessoires,5,63886,Abomey
2024-03-19,Téléphone,Électronique,4,55376,Cotonou
2024-02-26,Sac à dos,Accessoires,5,36611,Parakou
2024-04-21,Pantalon,Vêtements,3,35384,Abomey
2024-04-08,Lunettes,Accessoires,3,60362,Cotonou
2024-03-15,Sac à dos,Accessoires,1,31278,Porto-Novo
2024-02-26,Lunettes,Accessoires,4,16817,Abomey
2024-02-20,T-shirt,Vêtements,5,60289,Djougou
2024-01-25,Casque audio,Électronique,3,61131,Abomey
2024-01-11,Sac à dos,Accessoires,4,64309,Djougou
2024-02-03,Sac à dos,Accessoires,1,41748,Djougou
2024-04-11,Lunettes,Accessoires,4,27368,Parakou
2024-04-10,Chaussures,Baskets,2,18664,Parakou
2024-01-17,Casque audio,Électronique,1,72056,Abomey
2024-03-30,Lunettes,Accessoires,4,58130,Cotonou
2024-01-26,Téléphone,Électronique,3,5669,Cotonou
2024-01-21,Pantalon,Vêtements,5,69208,Djougou
2024-01-19,Pantalon,Vêtements,4,48685,Parakou
2024-04-27,Téléphone,Électronique,4,67435,Porto-Novo
2024-01-19,Pantalon,Vêtements,4,49762,Cotonou
2024-01-09,Chaussures,Baskets,5,31632,Cotonou
2024-02-24,Lunettes,Accessoires,1,25359,Djougou
2024-04-13,Sac à dos,Accessoires,5,52169,Porto-Novo
2024-01-22,Chaussures,Baskets,4,30264,Cotonou
2024-02-06,Chaussures,Baskets,5,69391,Porto-Novo
2024-01-15,Chaussures,Baskets,5,64132,Porto-Novo
2024-01-13,Chaussures,Baskets,1,32610,Cotonou
2024-01-25,Téléphone,Électronique,2,13151,Porto-Novo
2024-03-28,Pantalon,Vêtements,5,76140,Abomey
2024-03-04,Sac à dos,Accessoires,5,47591,Cotonou
2024-01-05,Casque audio,Électronique,2,22388,Porto-Novo
2024-04-22,Lunettes,Accessoires,3,15144,Abomey
2024-04-09,Montre,Accessoires,2,64323,Cotonou
2024-02-25,Casque audio,Électronique,2,17619,Abomey
2024-03-11,Pantalon,Vêtements,3,38956,Abomey
2024-03-24,Pantalon,Vêtements,3,38093,Djougou
2024-01-22,Chaussures,Baskets,4,73942,Parakou
2024-03-08,Montre,Accessoires,1,16996,Parakou
2024-03-30,T-shirt,Vêtements,3,79351,Porto-Novo
2024-04-04,Sac à dos,Accessoires,4,64809,Cotonou
2024-03-04,Téléphone,Électronique,3,57654,Abomey
2024-03-11,Pantalon,Vêtements,2,67823,Parakou
2024-03-09,Sac à dos,Accessoires,5,49859,Djougou
2024-03-12,Lunettes,Accessoires,5,24440,Porto-Novo
2024-02-27,T-shirt,Vêtements,1,68313,Porto-Novo
2024-03-21,Téléphone,Électronique,4,23565,Cotonou
2024-02-21,Pantalon,Vêtements,4,71367,Abomey
2024-03-05,Pantalon,Vêtements,1,56941,Abomey
2024-02-09,Lunettes,Accessoires,5,63674,Abomey
2024-03-17,Lunettes,Accessoires,1,58037,Cotonou
2024-01-05,Casque audio,Électronique,2,29722,Cotonou
2024-03-08,Casque audio,Électronique,2,57859,Porto-Novo
2024-03-07,Téléphone,Électronique,4,20071,Abomey
2024-04-04,Pantalon,Vêtements,2,50637,Abomey
2024-01-26,Téléphone,Électronique,2,79624,Parakou
2024-02-20,T-shirt,Vêtements,3,79672,Djougou
2024-01-02,Lunettes,Accessoires,1,43431,Cotonou
2024-02-07,Téléphone,Électronique,4,60110,Djougou
2024-01-31,Casque audio,Électronique,1,28243,Djougou
2024-02-29,Lunettes,Accessoires,2,32970,Cotonou
2024-02-01,Lunettes,Accessoires,3,30130,Porto-Novo
2024-03-22,Casque audio,Électronique,3,23508,Porto-Novo
2024-04-07,Lunettes,Accessoires,5,40489,Djougou
2024-01-14,Lunettes,Accessoires,1,38755,Porto-Novo
2024-03-07,Montre,Accessoires,5,43466,Cotonou
2024-01-14,Lunettes,Accessoires,5,2887,Abomey
2024-04-15,Sac à dos,Accessoires,3,56649,Porto-Novo
2024-02-19,Montre,Accessoires,4,25535,Abomey
2024-01-26,Chaussures,Baskets,4,4028,Djougou
2024-04-10,Téléphone,Électronique,1,62394,Djougou
2024-03-16,T-shirt,Vêtements,5,40527,Abomey
2024-04-13,T-shirt,Vêtements,1,76757,Djougou
2024-04-14,Pantalon,Vêtements,5,7905,Abomey
2024-03-18,T-shirt,Vêtements,3,13693,Abomey
2024-01-30,Pantalon,Vêtements,3,67860,Porto-Novo
2024-04-10,Chaussures,Baskets,2,36266,Cotonou
2024-04-29,Sac à dos,Accessoires,2,71262,Parakou
2024-02-12,Lunettes,Accessoires,3,55684,Djougou
2024-01-23,Sac à dos,Accessoires,1,19736,Djougou
2024-04-04,Montre,Accessoires,5,45291,Parakou
2024-04-21,Lunettes,Accessoires,5,59523,Parakou
2024-01-07,Téléphone,Électronique,1,33968,Porto-Novo
2024-02-28,Lunettes,Accessoires,3,63638,Porto-Novo
2024-04-28,Chaussures,Baskets,1,72650,Abomey
2024-03-19,Lunettes,Accessoires,1,1575,Parakou
2024-04-27,Montre,Accessoires,3,22309,Parakou
2024-02-04,Chaussures,Baskets,1,21374,Abomey
2024-02-01,Sac à dos,Accessoires,1,53271,Cotonou
2024-03-05,Téléphone,Électronique,3,39573,Cotonou
2024-01-30,Lunettes,Accessoires,2,36474,Parakou
2024-01-06,T-shirt,Vêtements,5,37946,Porto-Novo
2024-03-08,Téléphone,Électronique,3,68179,Cotonou
2024-01-05,Chaussures,Baskets,2,26763,Parakou
2024-04-25,Casque audio,Électronique,1,59464,Abomey
2024-04-11,Chaussures,Baskets,1,42248,Cotonou
2024-01-16,Casque audio,Électronique,3,76323,Djougou
2024-01-19,Chaussures,Baskets,4,59614,Parakou
2024-01-03,Téléphone,Électronique,4,24109,Abomey
2024-02-20,Chaussures,Baskets,5,3919,Djougou
2024-02-13,T-shirt,Vêtements,3,11438,Porto-Novo
2024-01-31,Chaussures,Baskets,2,28410,Djougou
2024-01-01,Lunettes,Accessoires,3,38695,Porto-Novo
2024-01-16,Pantalon,Vêtements,3,59485,Parakou
2024-02-04,T-shirt,Vêtements,3,41030,Abomey
2024-04-16,Téléphone,Électronique,2,16123,Abomey
2024-03-12,Lunettes,Accessoires,2,70497,Cotonou
2024-02-05,Montre,Accessoires,1,13920,Cotonou
2024-02-24,Lunettes,Accessoires,2,41730,Cotonou
2024-03-15,Casque audio,Électronique,1,71717,Porto-Novo
2024-01-17,Sac à dos,Accessoires,1,41846,Cotonou
2024-02-29,Lunettes,Accessoires,3,8143,Parakou
2024-03-25,Chaussures,Baskets,4,22869,Parakou
2024-01-12,Téléphone,Électronique,5,49605,Porto-Novo
2024-02-17,Pantalon,Vêtements,3,24906,Cotonou
2024-02-19,Montre,Accessoires,3,20958,Parakou
2024-03-16,Téléphone,Électronique,4,76990,Djougou
2024-03-31,Lunettes,Accessoires,2,25680,Abomey
2024-02-08,Téléphone,Électronique,4,22409,Cotonou
2024-04-14,Téléphone,Électronique,4,18045,Djougou
2024-03-02,T-shirt,Vêtements,2,20060,Djougou
2024-01-28,Lunettes,Accessoires,2,41426,Cotonou
2024-04-13,T-shirt,Vêtements,4,41409,Abomey
2024-03-26,T-shirt,Vêtements,3,11904,Cotonou
2024-01-24,T-shirt,Vêtements,5,61158,Abomey
2024-02-17,Sac à dos,Accessoires,4,14234,Djougou
2024-03-18,T-shirt,Vêtements,5,74902,Parakou
2024-04-26,Téléphone,Électronique,3,55803,Abomey
2024-01-12,Montre,Accessoires,2,36710,Parakou
2024-02-16,Lunettes,Accessoires,5,42057,Djougou
2024-01-06,Pantalon,Vêtements,5,67329,Abomey
2024-03-01,Chaussures,Baskets,5,51992,Porto-Novo
2024-03-03,Chaussures,Baskets,5,77732,Cotonou
2024-02-25,Lunettes,Accessoires,4,77539,Djougou
2024-01-05,Casque audio,Électronique,1,38182,Porto-Novo
2024-04-30,Casque audio,Électronique,2,47102,Parakou
2024-03-14,Pantalon,Vêtements,2,29618,Cotonou
2024-03-13,T-shirt,Vêtements,2,38462,Djougou
2024-02-18,Sac à dos,Accessoires,4,51514,Abomey
2024-03-13,Montre,Accessoires,2,34182,Porto-Novo
2024-02-19,Téléphone,Électronique,5,49650,Djougou
2024-01-13,Téléphone,Électronique,1,16668,Djougou
2024-03-18,Téléphone,Électronique,4,45049,Abomey
2024-03-22,T-shirt,Vêtements,4,4337,Cotonou
2024-01-01,Montre,Accessoires,1,47479,Abomey
2024-04-07,Sac à dos,Accessoires,3,69669,Porto-Novo
2024-02-22,Pantalon,Vêtements,3,77338,Abomey
2024-03-24,Chaussures,Baskets,1,2208,Djougou
2024-02-03,Pantalon,Vêtements,3,39736,Djougou
2024-04-30,T-shirt,Vêtements,2,50402,Parakou
2024-02-10,Montre,Accessoires,1,6169,Cotonou
2024-03-16,Montre,Accessoires,3,43996,Abomey
2024-03-11,Casque audio,Électronique,2,9424,Cotonou
2024-04-19,Sac à dos,Accessoires,2,59875,Cotonou
2024-02-24,Téléphone,Électronique,2,1732,Porto-Novo
2024-01-16,Pantalon,Vêtements,1,14528,Parakou
2024-03-29,T-shirt,Vêtements,3,37180,Abomey
2024-01-05,T-shirt,Vêtements,2,63419,Parakou
2024-01-07,Pantalon,Vêtements,5,21681,Cotonou
2024-02-17,Chaussures,Baskets,2,68449,Cotonou
2024-01-26,Sac à dos,Accessoires,3,78006,Parakou
2024-04-10,Chaussures,Baskets,5,60259,Porto-Novo
2024-02-11,Montre,Accessoires,1,78728,Djougou
2024-01-07,Chaussures,Baskets,2,66190,Abomey
2024-03-03,Pantalon,Vêtements,3,22326,Porto-Novo
2024-03-17,Sac à dos,Accessoires,2,14412,Abomey
2024-03-29,Montre,Accessoires,2,8220,Abomey
2024-03-21,Lunettes,Accessoires,1,36261,Djougou
2024-02-17,T-shirt,Vêtements,3,75234,Cotonou
2024-03-20,Lunettes,Accessoires,1,6993,Parakou
2024-02-19,Casque audio,Électronique,4,3942,Cotonou
2024-01-17,T-shirt,Vêtements,3,14016,Cotonou
2024-04-08,Téléphone,Électronique,2,49192,Cotonou
2024-03-08,Lunettes,Accessoires,3,1522,Parakou
2024-04-10,Téléphone,Électronique,1,20107,Cotonou
2024-03-27,Pantalon,Vêtements,1,33625,Parakou
2024-03-05,Sac à dos,Accessoires,1,60585,Abomey
2024-01-05,Casque audio,Électronique,5,11989,Porto-Novo
2024-01-06,Téléphone,Électronique,5,34200,Parakou
2024-02-16,Téléphone,Électronique,2,5004,Cotonou
2024-02-08,Lunettes,Accessoires,2,45629,Cotonou
2024-01-14,Casque audio,Électronique,4,57669,Parakou
2024-02-23,Chaussures,Baskets,1,10534,Porto-Novo
2024-02-21,Pantalon,Vêtements,1,12250,Djougou
2024-03-27,T-shirt,Vêtements,5,14572,Parakou
2024-03-10,Lunettes,Accessoires,3,42308,Porto-Novo
2024-01-28,Casque audio,Électronique,2,9178,Porto-Novo
2024-01-04,Sac à dos,Accessoires,3,20626,Parakou
2024-04-05,Téléphone,Électronique,5,18888,Parakou
2024-02-17,Téléphone,Électronique,2,49094,Parakou
2024-04-13,Casque audio,Électronique,2,60125,Porto-Novo
2024-04-14,Pantalon,Vêtements,2,10298,Djougou
2024-02-06,Pantalon,Vêtements,2,17064,Cotonou
2024-01-03,Téléphone,Électronique,2,2240,Abomey
2024-03-15,Montre,Accessoires,1,65138,Porto-Novo
2024-03-30,T-shirt,Vêtements,1,11053,Cotonou
2024-04-22,Chaussures,Baskets,3,76892,Porto-Novo
2024-04-01,Chaussures,Baskets,4,51712,Abomey
2024-01-25,Lunettes,Accessoires,3,22605,Cotonou
2024-03-24,T-shirt,Vêtements,1,40642,Parakou
2024-02-22,Sac à dos,Accessoires,3,73812,Cotonou
2024-04-24,Téléphone,Électronique,5,69305,Cotonou
2024-04-13,Casque audio,Électronique,3,27393,Djougou
2024-02-29,Lunettes,Accessoires,3,36246,Cotonou
2024-03-23,Chaussures,Baskets,4,17414,Cotonou
2024-03-27,Pantalon,Vêtements,4,44127,Parakou
2024-03-22,Lunettes,Accessoires,2,47657,Abomey
2024-03-24,Lunettes,Accessoires,2,5968,Porto-Novo
2024-04-09,Chaussures,Baskets,4,48055,Djougou
2024-03-14,Chaussures,Baskets,1,43043,Parakou
2024-01-11,T-shirt,Vêtements,4,73083,Cotonou
2024-02-18,Pantalon,Vêtements,2,13162,Porto-Novo
2024-02-23,Lunettes,Accessoires,5,25458,Porto-Novo
2024-01-29,Montre,Accessoires,3,4519,Abomey
2024-02-05,Montre,Accessoires,3,26195,Abomey
2024-01-10,Lunettes,Accessoires,4,66851,Abomey
2024-04-03,Sac à dos,Accessoires,2,39046,Porto-Novo
2024-02-26,Chaussures,Baskets,2,51793,Abomey
2024-03-28,Pantalon,Vêtements,5,12443,Abomey
2024-01-29,Lunettes,Accessoires,2,45539,Cotonou
2024-01-14,Montre,Accessoires,1,18584,Djougou
2024-02-05,Lunettes,Accessoires,2,73881,Parakou
2024-01-29,T-shirt,Vêtements,3,31766,Djougou
2024-04-03,Pantalon,Vêtements,1,10075,Porto-Novo
